﻿{
  "basicInfo": {
    "name": "Kendall Day",
    "gender": "Male",
    "birthday": "8 26 84",
    "avatar": "https://i.imgur.com/P7JRVHw.jpg?1",
    "desc": "Graphic Designer/Front-end Developer/Photo Editor",
    "school": "Santa Monica College",
    "major": "Graphic Design",
  
    "github": "https://github.com/LladnekD/",
  },
   
  "contact": {
    "tel": "310 339 9066",
    "email": "kendallday@gmail.com",
    
    "twitter": "@YadLladnek",
  
  },

  "workExperience": [
    {
      "companyLogo": "",
      "companyName": "",
      "startDate": "",
      "endDate": "",
      "project": [
        {
          "name": "",
          "sourceCode": "",
          "demo": "",
          "description": "",
          "previewImage": "",
        },
        {
          "name": "",
          "sourceCode": "",
          "demo": "",
          "description": "",
          "previewImage": "",
        }
      ]
    }
  ],
  
  "personalProject": [
    {
      "name": "",
      "description": "",
      "sourceCode": "",
      "demo": "",
      "previewImage": "",
    }
  ],
}

  "skills": [
    {
      "name": "",
      "description": [""],
    },
    {
      "name": "",
      "description": [""],
    },
    {
      "name": "",
      "description": [""],
      "abandoned": [""],
    },
  ]
}
