﻿{
  "basicInfo": {
    "name": "",
    "gender": "",
    "birthday": "",
    "avatar": "",
    "desc": "",
    "school": "",
    "major": "",
    
    "github": "",
  },
  "contact": {
    "tel": "",
    "email": "",
    "linkedin": "",
    "twitter": "",
  },
    "workExperience": [
    {
      
      "companyName": "",
      "startDate": "",
      "endDate": "",
      "project": [
        {
          "name": "",
          "sourceCode": "",
          "demo": "",
          "description": "",
        },
        {
          "name": "",
          "sourceCode": "",
          "demo": "",
          "description": "",
          "previewImage": ""
        }
      ]
    }
  ],
  "personalProject": [
    {
    "name": "",
    "description":"",
    "sourceCode": "",
    "demo": "",
    "previewImage": "",
    }
  ],
  "skills": [
    {
      "name": "",
      "description": [""]
    },
    {
      "name": "",
      "description": [""]
    },
    {
      "name": "",
      "description": [""],
      "abandoned": [""],
    }
  ]
}
